会社名,url
モジュレ株式会社,nothing
株式会社　サピエント,https://twitter.com/search?q=株式会社　サピエント&src=typed_query&f=user
株式会社ラボテック,nothing
株式会社　アドバンス・シティ・プランニング,nothing
大陽日酸アソシエイツ株式会社,nothing
ウォンテッドリー株式会社,nothing
リニューアブル・ジャパン株式会社,nothing
ＨＪホールディングス株式会社,nothing
日立キャピタルサービス　株式会社,nothing
株式会社GDOゴルフテック,nothing
株式会社ＮＴＴファシリティーズエンジニアリング,nothing
ＤＯＴワールド　株式会社,nothing
株式会社　進興メディカルサポート,nothing
株式会社　電通スポ－ツパ－トナ－ズ,nothing
株式会社　エアークローゼット,nothing
Booking.com Customer Service Center Japan株式会社,nothing
株式会社リアライブ,https://twitter.com/search?q=株式会社リアライブ&src=typed_query&f=user
株式会社　ジンジブ,https://twitter.com/search?q=株式会社　ジンジブ&src=typed_query&f=user
株式会社　ベンチャーバンク,https://twitter.com/search?q=株式会社　ベンチャーバンク&src=typed_query&f=user
株式会社キャンサースキャン,nothing
ゴールドマン・サックス・ジャパン・サービス株式全社,nothing
ソーシャルインクルー株式会社,nothing
株式会社　電通　パブリックリレーションズ,nothing
株式会社QLCマスタースタッフ,nothing
株式会社　メタップス,nothing
透析研究開発　株式会社,nothing
株式会社　美光写苑,nothing
株式会社　ハイビカム,nothing
株式会社ワイズ,https://twitter.com/search?q=株式会社ワイズ&src=typed_query&f=user
VCA Japan 株式会社,nothing
株式会社　タクマテクノス,https://twitter.com/search?q=株式会社　タクマテクノス&src=typed_query&f=user
株式会社ベンチャーバンク　ホールディングス,nothing
株式会社NSFエンゲージメント,nothing
パーソルイノベーション株式会社,https://twitter.com/search?q=パーソルイノベーション株式会社&src=typed_query&f=user
株式会社メディカルノート,https://twitter.com/search?q=株式会社メディカルノート&src=typed_query&f=user
株式会社　学研ホールディングス,nothing
日本物理探鑛　株式会社,nothing
株式会社　京浜メンテナンス,nothing
株式会社　京福商店,nothing
株式会社　ダイテックス,https://twitter.com/search?q=株式会社　ダイテックス&src=typed_query&f=user
日進商事　株式会社,https://twitter.com/search?q=日進商事　株式会社&src=typed_query&f=user
大和ハウスパーキング　株式会社,nothing
株式会社ケー・スタッフサービス,nothing
社会福祉法人　福田会,https://twitter.com/search?q=社会福祉法人　福田会&src=typed_query&f=user
首都圏建設産業ユニオン,nothing
テルウェル東日本株式会社,https://twitter.com/search?q=テルウェル東日本株式会社&src=typed_query&f=user
株式会社　ＮＨＫプロモーション,nothing
社会システム　株式会社,https://twitter.com/search?q=社会システム　株式会社&src=typed_query&f=user
株式会社　データビジネスサプライ,nothing
株式会社特効,nothing
株式会社トウキョウビジュアルコミュニケーション山本,nothing
株式会社　野沢園,nothing
富士水質管理　株式会社,nothing
株式会社　イメージスタジオ・イチマルキュウ,nothing
エヌディ警備保障　株式会社,nothing
株式会社　サンセイ,https://twitter.com/search?q=株式会社　サンセイ&src=typed_query&f=user
有限会社新桜商会,nothing
セントラルアイ株式会社,nothing
株式会社渋谷サービス公社,nothing
株式会社　綜合舞台サービス,nothing
株式会社日本シナプス,nothing
株式会社ディアイスクエア,https://twitter.com/search?q=株式会社ディアイスクエア&src=typed_query&f=user
株式会社　クリエイティブマンプロダクション,nothing
株式会社リードクリエイト,nothing
株式会社　ソフィアプロモ－ション,nothing
公益財団法人　世田谷区スポーツ振興財団,https://twitter.com/search?q=公益財団法人　世田谷区スポーツ振興財団&src=typed_query&f=user
特定非営利活動法人　ＥＴＩＣ．,nothing
株式会社　ユーエスキュア,nothing
株式会社　アジルコア,https://twitter.com/search?q=株式会社　アジルコア&src=typed_query&f=user
一般社団法人　東京都自動車整備振興会,https://twitter.com/search?q=一般社団法人　東京都自動車整備振興会&src=typed_query&f=user
株式会社小田急ビルサービス,nothing
株式会社　ファイヴエーカンパニー,nothing
株式会社メディア総合研究所,https://twitter.com/search?q=株式会社メディア総合研究所&src=typed_query&f=user
株式会社ジャパンライフデザインシステムズ,nothing
株式会社森村設計,nothing
ＳＤＬジャパン　株式会社,nothing
株式会社ヴォートル,https://twitter.com/search?q=株式会社ヴォートル&src=typed_query&f=user
株式会社　共立ファシリティ・マネージメント,nothing
ライフワンズ株式会社,nothing
キャリアエージェンシー株式会社,https://twitter.com/search?q=キャリアエージェンシー株式会社&src=typed_query&f=user
株式会社　Ｊ建築検査センター,nothing
株式会社　ＬＯＷＣＡＬ,https://twitter.com/search?q=株式会社　ＬＯＷＣＡＬ&src=typed_query&f=user
株式会社　クリエイティブ・アート・スィンク,nothing
株式会社ＣＩＮ　ＧＲＯＵＰ,https://twitter.com/search?q=株式会社ＣＩＮ　ＧＲＯＵＰ&src=typed_query&f=user
みやび　株式会社,https://twitter.com/search?q=みやび　株式会社&src=typed_query&f=user
株式会社３Ｂａｃｋｓ,https://twitter.com/search?q=株式会社３Ｂａｃｋｓ&src=typed_query&f=user
テン・グループ・ジャパン　株式会社,nothing
株式会社　カレントスペース,nothing
グローバル・ブレイン　株式会社,nothing
ソウ・エクスペリエンス　株式会社,nothing
株式会社　イノス・ジャポン,nothing
株式会社　あどばる,nothing
株式会社農林中金総合研究所,nothing
株式会社　ＣＳメンテナンス,nothing
株式会社　ユークリッド・エージェンシー,nothing
一般社団法人　ＣＩＥＥ国際教育交換協議会,nothing
メドペイスジャパン株式会社,nothing
株式会社　オペレーションシェアードサービス,nothing
株式会社　東急スポ一ツオアシス,nothing
帝都典禮　株式会社,nothing
東洋管財　株式会社,nothing
リンレイビル管理　株式会社,nothing
株式会社　ジャレック,nothing
CSPビルアンドサービス株式会社,nothing
株式会社放送サービスセンター,nothing
公益財団法人　交通事故紛争処理センター,nothing
一般社団法人　日本自動車機械工具協会,nothing
株式会社　総研システムズ,nothing
エーペックスインターナショナル株式会社,nothing
株式会社　ユタカ,https://twitter.com/search?q=株式会社　ユタカ&src=typed_query&f=user
飛鳥交通　株式会社,https://twitter.com/search?q=飛鳥交通　株式会社&src=typed_query&f=user
株式会社　ＳＢＣ,https://twitter.com/search?q=株式会社　ＳＢＣ&src=typed_query&f=user
株式会社日本環境調査研究所,nothing
株式会社　アサンテ,https://twitter.com/search?q=株式会社　アサンテ&src=typed_query&f=user
特定非営利活動法人ワールド・ビジョン・ジャパン,nothing
リソルホールディングス　株式会社,nothing
株式会社　イーストクルー,https://twitter.com/search?q=株式会社　イーストクルー&src=typed_query&f=user
株式会社　富士経営総合センター,nothing
公益財団法人　ソーシャルサービス協会,nothing
株式会社　留学ジャーナル,https://twitter.com/search?q=株式会社　留学ジャーナル&src=typed_query&f=user
株式会社　パートナーズ,https://twitter.com/search?q=株式会社　パートナーズ&src=typed_query&f=user
株式会社　ジャパンビルホ一ルディングス,nothing
株式会社　タフゴング,nothing
特定非営利活動法人　国境なき医師団　日本,https://twitter.com/search?q=特定非営利活動法人　国境なき医師団　日本&src=typed_query&f=user
東京メルテック空調　株式会社,nothing
株式会社　エスアールエル・　メディサーチ,nothing
伯東Ａ＆Ｌ　株式会社,nothing
株式会社　スタイル工房,nothing
公益財団法人　オイスカ,https://twitter.com/search?q=公益財団法人　オイスカ&src=typed_query&f=user
ホ一ムネットカーズ　株式会社,nothing
株式会社アクトコール,nothing
株式会社ロッテホールディグス,nothing
株式会社　和建設計事務所,nothing
ウイッシュインターナショナル株式会社,nothing
エムエスシステム　株式会社,nothing
株式会社　カケハシスカイソリューションズ,nothing
アクサス　株式会社,https://twitter.com/search?q=アクサス　株式会社&src=typed_query&f=user
ＦＪ　Ｓｏｌｕｔｉｏｎｓ　株式会社,nothing
株式会社　エヌエムピー　スペシャリスト,nothing
株式会社　ティーケーピー,https://twitter.com/search?q=株式会社　ティーケーピー&src=typed_query&f=user
株式会社　トリニアス,https://twitter.com/search?q=株式会社　トリニアス&src=typed_query&f=user
キリンビジネスエキスパート株式会社,nothing
ネットビジョンシステムズ　株式会社,https://twitter.com/search?q=ネットビジョンシステムズ　株式会社&src=typed_query&f=user
株式会社ＣＲＳサービス,nothing
株式会社サウンズグッド・プレジャー,nothing
株式会社　パックライン,nothing
株式会社うぇるねす,nothing
株式会社　ＧＡＢＡ,https://twitter.com/search?q=株式会社　ＧＡＢＡ&src=typed_query&f=user
株式会社パーソンズ,https://twitter.com/search?q=株式会社パーソンズ&src=typed_query&f=user
株式会社　ＨＥＲＯ　ｉｎｎｏｖａｔｉｏｎ,nothing
株式会社シャン・クレール,nothing
株式会社アスモフードサービス首都圏,nothing
株式会社アスモフードサービス中日本,nothing
株式会社　東武,https://twitter.com/search?q=株式会社　東武&src=typed_query&f=user
Ｆｕｎ　Ｓｐａｃｅ　株式会社,https://twitter.com/search?q=Ｆｕｎ　Ｓｐａｃｅ　株式会社&src=typed_query&f=user
株式会社　リアブロード,nothing
-般財団法人 曰本青年館,nothing
エフ・エス　株式会社,nothing
ＥＰＳホールディングス株式会社,nothing
モトキ商事　有限会社,nothing
国栄産業　株式会社,nothing
株式会社　ヤマテ・サイン,nothing
株式会社　ヒラツカ・リース,nothing
株式会社ジャパンセキュリティプロモーション,nothing
公益財団法人　練馬区環境まちづくり公社,nothing
明治安田ライフプランセンター　株式会社,nothing
株式会社　ステ－ジ,nothing
ヤマトコンタクトサービス株式会社,nothing
株式会社INE,https://twitter.com/search?q=株式会社INE&src=typed_query&f=user
株式会社　ハイペリオン,nothing
株式会社　西武ホールディングス,https://twitter.com/search?q=株式会社　西武ホールディングス&src=typed_query&f=user
株式会社　ワイズ,https://twitter.com/search?q=株式会社　ワイズ&src=typed_query&f=user
株式会社サンアメニテイ,nothing
きらぼしビジネスサービス株式会社,nothing
富士産業　株式会社　竹の塚モータースクール,nothing
ピーアークホールディングス　株式会社,nothing
株式会社　アモールトーワ,nothing
株式会社　ネクスコ東日本エンジニアリング,nothing
株式会杜　ソ－リン,nothing
株式会社　グランディオサービス,nothing
日本ロードサービス　株式会社,nothing
株式会社　ケンズコミュニティ,nothing
錦電サービス　株式会社,nothing
株式会社　櫛方工芸社,nothing
東京ビルサービス　株式会社,nothing
東武タワースカイツリー　株式会社,nothing
天徳　株式会社,nothing
株式会社　プラン・ドゥ・パートナーズ,nothing
株式会社　ファーストスキル,nothing
ＯＫセキュリティサービス株式会社,https://twitter.com/search?q=ＯＫセキュリティサービス株式会社&src=typed_query&f=user
株式会社タカラトミーフィールドテック,nothing
株式会社　ｇｌｏｂａｌｂｒｉｄｇｅ　ＨＯＤＩＮＧＳ,nothing
冨洋設計株式会社,nothing
公益社団法人ボイラ・クレーン安全協会,nothing
株式会社若洲,nothing
国土緑化　株式会社,nothing
公益財団法人　えどがわ環境財団,nothing
公益財団法人東京タクシーセンター,nothing
アドレス通商　株式会社,nothing
株式会社興和ビルメンテ,nothing
株式会社　ボックス・ワン,nothing
ＪＫホールディングス　株式会社,nothing
株式会社　インテリアクリーニング,nothing
由田警備保障　株式会社,nothing
株式会社　東京ビッグサイト,https://twitter.com/search?q=株式会社　東京ビッグサイト&src=typed_query&f=user
株式会社　チトセアート,nothing
業プロ　株式会社,nothing
株式会社　東京舞台照明,nothing
株式会社　トラストサービス,https://twitter.com/search?q=株式会社　トラストサービス&src=typed_query&f=user
ジェイ．ワークアウト　株式会社,nothing
トーガシエンジニアリング　株式会社,nothing
株式会社　トーガシ,nothing
株式会社オートバックス・マネジメントサービス,nothing
ムサシ・イメージ情報　株式会社,nothing
イベン夕ス　株式会社,nothing
株式会社　クロスオーバーサービス,nothing
株式会社　創育,nothing
株式会社　ムラヤマ,https://twitter.com/search?q=株式会社　ムラヤマ&src=typed_query&f=user
株式会社　明治ナイスデイ,nothing
ストアークルーズ　株式会社,nothing
ニッショウサービス　株式会社,nothing
株式会社　ＯＣＳ,https://twitter.com/search?q=株式会社　ＯＣＳ&src=typed_query&f=user
明治安田商事　株式会社,nothing
株式会社　サンケイ,https://twitter.com/search?q=株式会社　サンケイ&src=typed_query&f=user
株式会社　リースキン西東京,nothing
公益財団法人八王子市学園都市文化ふれあい財団,nothing
株式会社　エイト,https://twitter.com/search?q=株式会社　エイト&src=typed_query&f=user
トーヨー企画　株式会社,https://twitter.com/search?q=トーヨー企画　株式会社&src=typed_query&f=user
株式会社　中央トラフィックシステム,nothing
株式会社スカイキャリア,https://twitter.com/search?q=株式会社スカイキャリア&src=typed_query&f=user
小金井ゴルフ　株式会社,nothing
株式会社　小金井自動車　学校,nothing
有限会社　大東建物管理,nothing
株式会社　丸福商事,nothing
株式会社　サビアコーポレーション,nothing
株式会社　日本衛生センター,nothing
株式会社　自然教育研究センター,nothing
株式会社　東京音楽センター,nothing
昭和の森エリアサービス株式会社,nothing
特定非営利活動法人　育て上げネット,nothing
株式会社　クラフトワーク,nothing
株式会社　立飛ホールディングス,nothing
一般財団法人　好仁会,https://twitter.com/search?q=一般財団法人　好仁会&src=typed_query&f=user
株式会社協振技建,nothing
株式会社佐藤写真,nothing
一般財団法人　国民公園協会,nothing
株式会社　帝国ホテルサービス,nothing
一般財団法人　民事法務協会,nothing
株式会社石本建築事務所,nothing
古河電工ビジネス＆ライフサポート株式会社,https://twitter.com/search?q=古河電工ビジネス＆ライフサポート株式会社&src=typed_query&f=user
株式会社四門,nothing
タワ－ズワトソン　株式会社,nothing
日本シューターサービス株式会社,nothing
東京共同会計事務所　内山隆太郎,nothing
株式会社　ＴＪＫリゾート,nothing
株式会社グロービス,https://twitter.com/search?q=株式会社グロービス&src=typed_query&f=user
株式会社　クリーチャーズ,https://twitter.com/search?q=株式会社　クリーチャーズ&src=typed_query&f=user
株式会社　星光,https://twitter.com/search?q=株式会社　星光&src=typed_query&f=user
株式会社ブリッジ,https://twitter.com/search?q=株式会社ブリッジ&src=typed_query&f=user
マースジャパン株式会社,nothing
コーヴァンス・ジャパン株式会社,nothing
三井不動産アーキテクチュラル・エンジニアリング　株式会社,nothing
株式会社　マッシュ,https://twitter.com/search?q=株式会社　マッシュ&src=typed_query&f=user
一般財団法人化学物質評価研究機構,nothing
ケアレツクス　株式会社,nothing
株式会社コーチ・エィ,nothing
日証貿　株式会社,nothing
株式会社　ゾネシステムズ,nothing
東洋グリーン株式会社,nothing
株式会社　スペースサービス,nothing
フィクスコミュニケーションズ　株式会社,nothing
株式会社　しんきんキャリアサービス,nothing
株式会社　エム・シー・アイ,nothing
サクラヘルスケアサポート株式会社,nothing
株式会社ユニバーサルホーム,nothing
ＢＬＤ　ＷＥＤＤＩＮＧＳ　株式会社,nothing
株式会社　ジュピターテレコム,https://twitter.com/search?q=株式会社　ジュピターテレコム&src=typed_query&f=user
株式会社　マイクロン,https://twitter.com/search?q=株式会社　マイクロン&src=typed_query&f=user
株式会社　ドゥ・クリエーション,https://twitter.com/search?q=株式会社　ドゥ・クリエーション&src=typed_query&f=user
新光エンジニアリング株式会社,nothing
株式会社　日立コンサルティング,nothing
株式会社　ＬＥＯＣ,https://twitter.com/search?q=株式会社　ＬＥＯＣ&src=typed_query&f=user
株式会社　スマートエナジー,https://twitter.com/search?q=株式会社　スマートエナジー&src=typed_query&f=user
株式会社サポータス,https://twitter.com/search?q=株式会社サポータス&src=typed_query&f=user
ケネディクス株式会社,nothing
株式会社　デリ・アート,nothing
株式会社博報堂ＤＹトータルサポート,nothing
株式会社ＡＢＣ　Ｃｏｏｋｉｎｇ　Ｓｔｕｄｉｏ,nothing
株式会社　エン・コンシェル,nothing
シェル商事株式会社,nothing
株式会社　こども体育研究所,nothing
ＭＵＳビジネスサービス　株式会社,nothing
デロイトトーマツコーポレートソリューション合同会社,nothing
株式会社　スパー・エフエム・ジャパン,nothing
株式会社　ベネフィット・ワン,https://twitter.com/search?q=株式会社　ベネフィット・ワン&src=typed_query&f=user
株式会社　ＦＥＥＬ　ＣＯＮＮＥＣＴＩＯＮ,nothing
エールスペック株式会社,nothing
株式会社アンドパッド,https://twitter.com/search?q=株式会社アンドパッド&src=typed_query&f=user
株式会社　サニクリーン,nothing
株式会社　ジャパン・ビジネス・サービス,nothing
東京ビルアート　株式会社,nothing
株式会社　清建社,nothing
株式会社　オーエンス,https://twitter.com/search?q=株式会社　オーエンス&src=typed_query&f=user
株式会社　ビルネット,nothing
株式会社　日進産業,nothing
日本自動化開発　株式会社,https://twitter.com/search?q=日本自動化開発　株式会社&src=typed_query&f=user
関東サービス　株式会社,https://twitter.com/search?q=関東サービス　株式会社&src=typed_query&f=user
株式会社　ブラスト,https://twitter.com/search?q=株式会社　ブラスト&src=typed_query&f=user
ティーペック　株式会社,nothing
株式会社　宝島,https://twitter.com/search?q=株式会社　宝島&src=typed_query&f=user
株式会社インテリム　東京本社,nothing
有限会社　ジェイ・エー・ビー・スイミング,nothing
三峯産業　株式会社,https://twitter.com/search?q=三峯産業　株式会社&src=typed_query&f=user
東栄情報サービス株式会社,nothing
株式会社ドウハウス,nothing
株式会社シグマコミュニケーションズ,nothing
エムエイチアイマリンエンジニアリング株式会社,nothing
株式会社　まちづくり三鷹,https://twitter.com/search?q=株式会社　まちづくり三鷹&src=typed_query&f=user
株式会社日旅ビジネスクリエイト,nothing
株式会社　ティジェイオペレーションセンター,nothing
ファースト株式会社,https://twitter.com/search?q=ファースト株式会社&src=typed_query&f=user
株式会社ネットセーブ,nothing
株式会社　キクチ,https://twitter.com/search?q=株式会社　キクチ&src=typed_query&f=user
シミックヘルスケア・インスティテュート株式会社,nothing
アドビシステムズ　株式会社,https://twitter.com/search?q=アドビシステムズ　株式会社&src=typed_query&f=user
株式会社　オ－ル,nothing
アシュリオン・ジャパン　株式会社,nothing
ベクター・ジャパン株式会社,nothing
株式会社　ＣＢフィールド・イノベーション,nothing
トラベレックスジャパン株式会社,nothing
株式会社　キャピタルメディカ,nothing
株式会社　ブルーノート・ジャパン,nothing
三井倉庫ビジネスパートナーズ　株式会社,nothing
ＩＱＶＩＡソリューションズ　ジャパン株式会社,nothing
ディチャーム　株式会社,https://twitter.com/search?q=ディチャーム　株式会社&src=typed_query&f=user
株式会社　アルモ設計,nothing
公益財団法人　国際人材協力機構,nothing
株式会社　ケアプラス,nothing
株式会社　トレミール,nothing
株式会社　アダムスコミュニケーション,nothing
株式会社ネクスコ東日本エリアサポート,nothing
ＲＥＧＡＩＮ　ＧＲＯＵＰ　株式会社,https://twitter.com/search?q=ＲＥＧＡＩＮ　ＧＲＯＵＰ　株式会社&src=typed_query&f=user
株式会社クオリティライフ・コンシェルジュ,nothing
ヴェオリア・ジェネッツ株式会社,nothing
株式会社　ヴァリュ一ズ,nothing
特定非営利活動法人　放課後ＮＰＯアフタースクール,nothing
公益財団法人　競馬保安協会,nothing
店舗流通ネット　株式会社,https://twitter.com/search?q=店舗流通ネット　株式会社&src=typed_query&f=user
株式会社　フィ一ルド・パートナーズ,nothing
デイベンロイリネンサプライ株式会社,nothing
株式会社ＪＭＤＣ,nothing
株式会社　ジャパネットホールディングス,nothing
株式会社　ママスクエア,nothing
セコムフォート多摩　株式会社,nothing
グローブシップ・ソデクソ・コーポレートサービス株式会社,nothing
株式会社　レッグス,https://twitter.com/search?q=株式会社　レッグス&src=typed_query&f=user
株式会社　インデス,nothing
株式会社　テクノジャパン,https://twitter.com/search?q=株式会社　テクノジャパン&src=typed_query&f=user
株式会社　電通デジタル,nothing
株式会社　ＪＴビジネスコム,nothing
株式会社　トゥエンティーフォーセブン,nothing
株式会社テイパーズ,nothing
株式会社　レイヤーズ・コンサルティング,nothing
東京ガスパイプネットワーク　株式会社,nothing
株式会社　町田清掃社,nothing
株式会社　ニューズピックス,nothing
株式会社　クリークアンドリバー社,nothing
三井住友トラスト・キャリアパートナーズ株式会社,nothing
有限会社　幸進商事,nothing
羽田旅客サービス　株式会社,nothing
株式会社　フロンティア,https://twitter.com/search?q=株式会社　フロンティア&src=typed_query&f=user
羽田空港グローバルサービス株式会社,nothing
株式会社　東急レクリエーション,nothing
新東産業株式会社,https://twitter.com/search?q=新東産業株式会社&src=typed_query&f=user
株式会社アイビー・シー・エス,nothing
株式会社　共立,https://twitter.com/search?q=株式会社　共立&src=typed_query&f=user
株式会社　トービ,nothing
東京宝くじサービス　株式会社,nothing
株式会社　間瀬コンサルタント,nothing
株式会社　キャッツ,https://twitter.com/search?q=株式会社　キャッツ&src=typed_query&f=user
株式会社　ボゾリサーチセンター,nothing
株式会社　ユウクリ,https://twitter.com/search?q=株式会社　ユウクリ&src=typed_query&f=user
株式会社　エス・ティー・ワールド,nothing
セコム医療システム株式会社,nothing
株式会社　ポジティブドリーム　パーソンズ,nothing
ワンスアラウンド　株式会社,nothing
インパクトホールディングス株式会社,https://twitter.com/search?q=インパクトホールディングス株式会社&src=typed_query&f=user
株式会社　コンヴァノ,nothing
株式会社　リアル・アイ,https://twitter.com/search?q=株式会社　リアル・アイ&src=typed_query&f=user
株式会社　グッドウェーブ,https://twitter.com/search?q=株式会社　グッドウェーブ&src=typed_query&f=user
株式会社　パン・パシフィックシェアードサービス,nothing
株式会社ゼロメディカル,https://twitter.com/search?q=株式会社ゼロメディカル&src=typed_query&f=user
ＧＯＳＳＯコンサルティング　株式会社,nothing
株式会社　ＰＥＣＯ,https://twitter.com/search?q=株式会社　ＰＥＣＯ&src=typed_query&f=user
ルーセント・グローバル　株式会社,nothing
株式会社　スターダストプロモーション,nothing
株式会社Ｓ２,https://twitter.com/search?q=株式会社Ｓ２&src=typed_query&f=user
株式会社　清光社,https://twitter.com/search?q=株式会社　清光社&src=typed_query&f=user
ムサシ綜合メンテナンス　企業組合,nothing
株式会社　アミークス,nothing
リードエグジビションジャパン株式会社,nothing
興和商事　株式会社,nothing
株式会社アイデム,https://twitter.com/search?q=株式会社アイデム&src=typed_query&f=user
ＣＳアカウンティング　株式会社,https://twitter.com/search?q=ＣＳアカウンティング　株式会社&src=typed_query&f=user
ポールトゥウィン株式会社,https://twitter.com/search?q=ポールトゥウィン株式会社&src=typed_query&f=user
株式会社ミトモコーポレーション,https://twitter.com/search?q=株式会社ミトモコーポレーション&src=typed_query&f=user
株式会社　住宅性能評価センター,nothing
株式会社　協和,https://twitter.com/search?q=株式会社　協和&src=typed_query&f=user
株式会社　中央クリエイト,nothing
株式会社エコ・プラン,https://twitter.com/search?q=株式会社エコ・プラン&src=typed_query&f=user
軽自動車検査協会,nothing
株式会社レオパレス・リーシング,nothing
フジ相続　税理士法人,nothing
株式会社ＢＲＩＣＫ’ｓ,https://twitter.com/search?q=株式会社ＢＲＩＣＫ’ｓ&src=typed_query&f=user
株式会社バーンリペア,nothing
株式会社　Ｃ－ｍｉｎｄ,nothing
株式会社　ブレイブ,https://twitter.com/search?q=株式会社　ブレイブ&src=typed_query&f=user
株式会社　ネオキャリア,https://twitter.com/search?q=株式会社　ネオキャリア&src=typed_query&f=user
株式会社ホスピタリティ,nothing
株式会社　ＣＳＳ技術開発,nothing
キリンアンドコミュニケーションズ株式会社,nothing
株式会社ＬＥＡＤ,https://twitter.com/search?q=株式会社ＬＥＡＤ&src=typed_query&f=user
大成ヒューマンリソース　株式会社,nothing
ミイダス株式会社,nothing
株式会社　リビエラ,nothing
株式会社　東基,nothing
株式会社　旅工房,nothing
アップセルテクノロジィーズ株式会社,nothing
株式会社　エヌリンクス,nothing
計測ネットサービス　株式会社,nothing
株式会社　ウェルネスフロンティア,nothing
株式会社　エプコ,nothing
ｇｆ．Ｋ　株式会社,https://twitter.com/search?q=ｇｆ．Ｋ　株式会社&src=typed_query&f=user
三協ラボサービス　株式会社,nothing
株式会社　毎日オークション,nothing
一般財団法人　食品環境検査協会,nothing
株式会社　読売・日本テレビ文化センター,nothing
一般社団法人　日本クレ－ン協会,nothing
日本郵便メンテナンス株式会社,nothing
新東護警備保障　株式会社,https://twitter.com/search?q=新東護警備保障　株式会社&src=typed_query&f=user
株式会社　三紀,nothing
株式会社　プランディット,nothing
株式会社Ｄ＆Ｉパートナーズ,nothing
株式会社ロジスティクスウェーブジャパン,nothing
株式会社　インストアマーケティング,nothing
株式会社　オーカ,https://twitter.com/search?q=株式会社　オーカ&src=typed_query&f=user
株式会社　スタッド,https://twitter.com/search?q=株式会社　スタッド&src=typed_query&f=user
株式会社　東建社,https://twitter.com/search?q=株式会社　東建社&src=typed_query&f=user
株式会社コスモズ（駅前コスモ保育園）,nothing
セイブ環境　株式会社,nothing
大真綜合警備保障株式会社,nothing
Ｎ＆Ｆテクノサービス　株式会社,nothing
ＡＬＳＯＫ東心　株式会社,https://twitter.com/search?q=ＡＬＳＯＫ東心　株式会社&src=typed_query&f=user
株式会社　山田かつら,https://twitter.com/search?q=株式会社　山田かつら&src=typed_query&f=user
一般財団法人　競馬共助会,nothing
株式会社　テニスユニバース,nothing
株式会社極楽湯,https://twitter.com/search?q=株式会社極楽湯&src=typed_query&f=user
在日フランス大使館,https://twitter.com/search?q=在日フランス大使館&src=typed_query&f=user
株式会社　ＡＭＢＩＴＩＯＮ,https://twitter.com/search?q=株式会社　ＡＭＢＩＴＩＯＮ&src=typed_query&f=user
株式会社　ワンダーライト,nothing
